{"cameraMode":{"drawMode":0,"name":"Shaded","section":"Shading Mode"},"sceneLighting":true,"audioPlay":false,"sceneViewState":{"m_AlwaysRefresh":false,"showFog":true,"showSkybox":true,"showFlares":true,"showImageEffects":true,"showParticleSystems":true,"showVisualEffectGraphs":true,"m_FxEnabled":true},"in2DMode":false,"pivot":{"x":-1.3436821699142457,"y":-25.73406410217285,"z":-33.95224380493164},"rotation":{"x":-0.2408488243818283,"y":0.022723546251654626,"z":-0.005634107161313295,"w":-0.9702650308609009},"size":32.790924072265628,"orthographic":false}