{"cameraMode":{"drawMode":0,"name":"Shaded","section":"Shading Mode"},"sceneLighting":true,"audioPlay":false,"sceneViewState":{"m_AlwaysRefresh":false,"showFog":true,"showSkybox":true,"showFlares":true,"showImageEffects":true,"showParticleSystems":true,"showVisualEffectGraphs":true,"m_FxEnabled":true},"in2DMode":false,"pivot":{"x":33.568572998046878,"y":-54.43881607055664,"z":102.34774017333985},"rotation":{"x":0.300009161233902,"y":-0.028255289420485498,"z":0.009087099693715573,"w":0.9535928964614868},"size":70.74103546142578,"orthographic":false}